PassengerId,Transported
1301.0,0
1801.0,0
1901.0,0
2101.0,0
2301.0,0
2701.0,0
3201.0,0
3202.0,0
3301.0,0
3701.0,0
4002.0,0
4201.0,0
4601.0,0
4603.0,0
4701.0,0
4801.0,0
5401.0,0
5402.0,0
5403.0,0
5501.0,0
5701.0,0
5901.0,0
6001.0,0
6301.0,0
6501.0,0
7501.0,0
7901.0,0
8001.0,0
8301.0,0
8701.0,0
8901.0,0
9301.0,0
9402.0,0
9501.0,0
9601.0,0
10002.0,0
10401.0,0
10601.0,0
10901.0,0
11701.0,0
12101.0,0
12401.0,0
12501.0,0
12502.0,0
13001.0,0
13101.0,0
13201.0,0
13501.0,0
13701.0,0
14201.0,0
14202.0,0
14203.0,0
14301.0,0
14501.0,0
15001.0,0
15002.0,0
15301.0,0
15401.0,0
15501.0,0
15701.0,0
15801.0,0
15802.0,0
15901.0,0
16201.0,0
16601.0,0
16801.0,0
17501.0,0
17503.0,0
17504.0,0
17505.0,0
17601.0,0
18001.0,0
18401.0,0
18501.0,0
18701.0,0
19101.0,0
19401.0,0
19402.0,0
19403.0,0
20401.0,0
21401.0,0
21402.0,0
21501.0,0
21801.0,0
22601.0,0
22801.0,0
22803.0,0
22804.0,0
23001.0,0
23501.0,0
23601.0,0
23801.0,0
24701.0,0
24702.0,0
24901.0,0
25601.0,0
25901.0,0
26401.0,0
26402.0,0
26601.0,0
26602.0,0
26801.0,0
26802.0,0
27101.0,0
27201.0,0
27301.0,0
27302.0,0
27303.0,0
27601.0,0
27602.0,0
27901.0,0
28001.0,0
28401.0,0
29601.0,0
29901.0,0
30001.0,0
31201.0,0
31701.0,0
31801.0,0
31901.0,0
32801.0,0
33201.0,0
33901.0,0
33902.0,0
33903.0,0
33904.0,0
33906.0,0
33907.0,0
33908.0,0
34202.0,0
34401.0,0
34902.0,0
34903.0,0
34904.0,0
34905.0,0
34906.0,0
35302.0,0
35401.0,0
36201.0,0
36301.0,0
36303.0,0
36401.0,0
36701.0,0
39001.0,0
39301.0,0
39401.0,0
39901.0,0
40001.0,0
40401.0,0
40601.0,0
41401.0,0
41601.0,0
41801.0,0
41901.0,0
42101.0,0
42401.0,0
44001.0,0
44301.0,0
45001.0,0
45101.0,0
45501.0,0
46701.0,0
46703.0,0
46704.0,0
46901.0,0
47301.0,0
47801.0,0
47802.0,0
47901.0,0
48302.0,0
48401.0,0
48601.0,0
48901.0,0
48902.0,0
49201.0,0
49401.0,0
49402.0,0
49501.0,0
49502.0,0
49503.0,0
49504.0,0
49506.0,0
49602.0,0
49701.0,0
50501.0,0
50801.0,0
51401.0,0
52401.0,0
52601.0,0
53001.0,0
53002.0,0
53201.0,0
53202.0,0
53501.0,0
53601.0,0
54101.0,0
54301.0,0
54401.0,0
55401.0,0
55701.0,0
55702.0,0
55801.0,0
56201.0,0
56202.0,0
57801.0,0
58401.0,0
58402.0,0
59201.0,0
59501.0,0
60101.0,0
60401.0,0
60501.0,0
60601.0,0
61301.0,0
61302.0,0
62003.0,0
62101.0,0
62201.0,0
62401.0,0
62501.0,0
62503.0,0
62601.0,0
62602.0,0
62603.0,0
62701.0,0
63201.0,0
63203.0,0
64001.0,0
64002.0,0
64801.0,0
64802.0,0
64901.0,0
65101.0,0
65201.0,0
65202.0,0
65203.0,0
65204.0,0
65205.0,0
65401.0,0
66201.0,0
66602.0,0
66701.0,0
67001.0,0
67002.0,0
67501.0,0
68101.0,0
69201.0,0
69401.0,0
69501.0,0
69801.0,0
70001.0,0
70601.0,0
70801.0,0
70802.0,0
71101.0,0
71601.0,0
71701.0,0
71704.0,0
71705.0,0
72001.0,0
72003.0,0
72101.0,0
72201.0,0
72301.0,0
73101.0,0
73102.0,0
73501.0,0
74201.0,0
74202.0,0
74501.0,0
74701.0,0
74801.0,0
74802.0,0
74901.0,0
75201.0,0
75501.0,0
75801.0,0
75803.0,0
75901.0,0
75902.0,0
75903.0,0
76001.0,0
76301.0,0
76302.0,0
76601.0,0
77401.0,0
77402.0,0
77403.0,0
77501.0,0
77502.0,0
77503.0,0
77504.0,0
77505.0,0
77506.0,0
77801.0,0
77802.0,0
78301.0,0
79201.0,0
80001.0,0
80101.0,0
80401.0,0
81001.0,0
82701.0,0
82702.0,0
82703.0,0
83101.0,0
83201.0,0
83701.0,0
83702.0,0
83801.0,0
83802.0,0
84101.0,0
84201.0,0
84301.0,0
84401.0,0
84701.0,0
85201.0,0
85501.0,0
85601.0,0
85701.0,0
85801.0,0
86101.0,0
86201.0,0
86402.0,0
86403.0,0
86601.0,0
87201.0,0
88001.0,0
88201.0,0
88401.0,0
88601.0,0
88602.0,0
88603.0,0
88701.0,0
88801.0,0
88802.0,0
89101.0,0
89201.0,0
89202.0,0
89401.0,0
89701.0,0
89702.0,0
90001.0,0
90801.0,0
90901.0,0
90902.0,0
90903.0,0
91401.0,0
91601.0,0
92001.0,0
92901.0,0
93401.0,0
93701.0,0
94301.0,0
94302.0,0
94501.0,0
94502.0,0
95001.0,0
95401.0,0
95901.0,0
96201.0,0
96301.0,0
97301.0,0
97401.0,0
97701.0,0
98001.0,0
98101.0,0
98102.0,0
98601.0,0
99601.0,0
99901.0,0
99902.0,0
100301.0,0
100701.0,0
100901.0,0
101001.0,0
101601.0,0
102301.0,0
102801.0,0
103901.0,0
104201.0,0
104401.0,0
105901.0,0
105902.0,0
106101.0,0
106401.0,0
106402.0,0
106701.0,0
106901.0,0
107001.0,0
107201.0,0
107204.0,0
107205.0,0
107206.0,0
107208.0,0
107301.0,0
107401.0,0
107402.0,0
108701.0,0
109001.0,0
109201.0,0
109801.0,0
110101.0,0
110301.0,0
110401.0,0
110601.0,0
110602.0,0
110701.0,0
110901.0,0
111101.0,0
111102.0,0
111103.0,0
111801.0,0
111802.0,0
111804.0,0
111805.0,0
111901.0,0
111902.0,0
112201.0,0
112401.0,0
112403.0,0
112501.0,0
112502.0,0
112601.0,0
112801.0,0
112802.0,0
113101.0,0
113503.0,0
113504.0,0
113702.0,0
113801.0,0
113901.0,0
114301.0,0
114501.0,0
114502.0,0
114503.0,0
114504.0,0
115801.0,0
115901.0,0
115903.0,0
116001.0,0
116401.0,0
117601.0,0
118101.0,0
118301.0,0
118302.0,0
118303.0,0
118401.0,0
118901.0,0
119401.0,0
119601.0,0
119602.0,0
120101.0,0
120102.0,0
120201.0,0
120501.0,0
120901.0,0
121701.0,0
121702.0,0
121901.0,0
121902.0,0
122401.0,0
122601.0,0
122602.0,0
124101.0,0
124701.0,0
124901.0,0
125101.0,0
125201.0,0
125301.0,0
125701.0,0
125702.0,0
125703.0,0
125704.0,0
126201.0,0
126202.0,0
126501.0,0
126601.0,0
126801.0,0
127201.0,0
127501.0,0
127601.0,0
129001.0,0
129601.0,0
129701.0,0
129801.0,0
130501.0,0
131301.0,0
131401.0,0
131501.0,0
131801.0,0
131901.0,0
131902.0,0
132001.0,0
132002.0,0
132003.0,0
132101.0,0
132102.0,0
132103.0,0
132104.0,0
132701.0,0
132901.0,0
133401.0,0
133802.0,0
133901.0,0
134103.0,0
134301.0,0
134303.0,0
134901.0,0
134902.0,0
135401.0,0
135402.0,0
135403.0,0
135404.0,0
135405.0,0
135406.0,0
135407.0,0
135801.0,0
135802.0,0
136101.0,0
136102.0,0
136301.0,0
136401.0,0
136402.0,0
136701.0,0
136901.0,0
136902.0,0
137201.0,0
137301.0,0
137401.0,0
138801.0,0
139201.0,0
139401.0,0
140901.0,0
140902.0,0
141101.0,0
141801.0,0
142201.0,0
142202.0,0
142203.0,0
142901.0,0
143201.0,0
143202.0,0
143601.0,0
143701.0,0
144601.0,0
144901.0,0
145601.0,0
145901.0,0
146401.0,0
146601.0,0
146801.0,0
146901.0,0
146902.0,0
147001.0,0
147104.0,0
147105.0,0
147201.0,0
147301.0,0
147302.0,0
147501.0,0
147601.0,0
147701.0,0
147702.0,0
148001.0,0
148201.0,0
148301.0,0
148601.0,0
148701.0,0
148702.0,0
149202.0,0
149401.0,0
149502.0,0
149601.0,0
149701.0,0
149702.0,0
150203.0,0
150204.0,0
150401.0,0
150501.0,0
150801.0,0
151201.0,0
151301.0,0
151401.0,0
151601.0,0
151701.0,0
151801.0,0
151802.0,0
151901.0,0
153001.0,0
153701.0,0
153801.0,0
153802.0,0
154601.0,0
155301.0,0
155401.0,0
155402.0,0
155701.0,0
155901.0,0
155902.0,0
156301.0,0
156601.0,0
157001.0,0
157101.0,0
157401.0,0
157501.0,0
158601.0,0
158701.0,0
158901.0,0
159102.0,0
160001.0,0
160701.0,0
160901.0,0
161001.0,0
161801.0,0
162701.0,0
162901.0,0
162902.0,0
162906.0,0
164101.0,0
164201.0,0
164301.0,0
164801.0,0
165201.0,0
165401.0,0
166401.0,0
166501.0,0
166701.0,0
167501.0,0
167901.0,0
168002.0,0
168301.0,0
168401.0,0
168601.0,0
168901.0,0
168902.0,0
168903.0,0
170101.0,0
170201.0,0
170301.0,0
170701.0,0
172001.0,0
172201.0,0
172601.0,0
172602.0,0
172603.0,0
173201.0,0
173501.0,0
173701.0,0
174101.0,0
174102.0,0
174301.0,0
174401.0,0
175101.0,0
175102.0,0
175401.0,0
175901.0,0
176501.0,0
177701.0,0
177702.0,0
178001.0,0
178401.0,0
178701.0,0
178901.0,0
179002.0,0
179102.0,0
179301.0,0
179302.0,0
179401.0,0
179501.0,0
180101.0,0
180102.0,0
180901.0,0
181401.0,0
181403.0,0
181501.0,0
181901.0,0
182401.0,0
182501.0,0
182502.0,0
183001.0,0
183201.0,0
183501.0,0
183502.0,0
183701.0,0
183801.0,0
183901.0,0
184001.0,0
184201.0,0
184501.0,0
185101.0,0
185102.0,0
185201.0,0
185203.0,0
185204.0,0
185801.0,0
186203.0,0
186701.0,0
186901.0,0
187001.0,0
187501.0,0
187601.0,0
188301.0,0
189301.0,0
189401.0,0
189501.0,0
190901.0,0
190902.0,0
190903.0,0
191001.0,0
191002.0,0
191003.0,0
191201.0,0
191302.0,0
191303.0,0
191701.0,0
191901.0,0
192101.0,0
192102.0,0
192401.0,0
192901.0,0
193001.0,0
193201.0,0
193601.0,0
194301.0,0
194401.0,0
194802.0,0
194901.0,0
195101.0,0
195102.0,0
195401.0,0
195501.0,0
195801.0,0
196501.0,0
196601.0,0
197001.0,0
197201.0,0
198201.0,0
198601.0,0
198701.0,0
198901.0,0
199001.0,0
199002.0,0
199801.0,0
200201.0,0
200401.0,0
200501.0,0
200502.0,0
201401.0,0
201602.0,0
201701.0,0
201801.0,0
202001.0,0
202101.0,0
202301.0,0
202302.0,0
202303.0,0
202501.0,0
203001.0,0
203101.0,0
203301.0,0
203502.0,0
203601.0,0
203603.0,0
203701.0,0
203702.0,0
203901.0,0
203902.0,0
203903.0,0
204701.0,0
204801.0,0
204901.0,0
205001.0,0
205702.0,0
205703.0,0
205704.0,0
205801.0,0
206401.0,0
206801.0,0
206802.0,0
206803.0,0
206804.0,0
206805.0,0
206901.0,0
207202.0,0
207601.0,0
207801.0,0
207901.0,0
207902.0,0
207903.0,0
209301.0,0
210101.0,0
210102.0,0
210301.0,0
210801.0,0
210802.0,0
210901.0,0
211901.0,0
211902.0,0
213201.0,0
214601.0,0
214602.0,0
215101.0,0
215501.0,0
215701.0,0
216002.0,0
216601.0,0
216901.0,0
217001.0,0
217401.0,0
217601.0,0
217801.0,0
218501.0,0
219201.0,0
219701.0,0
220801.0,0
221301.0,0
221401.0,0
221601.0,0
221701.0,0
222201.0,0
222701.0,0
224001.0,0
224002.0,0
224003.0,0
224201.0,0
224401.0,0
224502.0,0
224602.0,0
224701.0,0
224801.0,0
224901.0,0
225001.0,0
225901.0,0
227101.0,0
227601.0,0
227602.0,0
228301.0,0
228601.0,0
229001.0,0
229201.0,0
229301.0,0
229401.0,0
229701.0,0
230401.0,0
230701.0,0
230702.0,0
230703.0,0
230705.0,0
232201.0,0
232401.0,0
232601.0,0
232801.0,0
233001.0,0
233701.0,0
234201.0,0
234301.0,0
234302.0,0
234601.0,0
235001.0,0
235002.0,0
235003.0,0
235101.0,0
235102.0,0
235201.0,0
235401.0,0
235502.0,0
235503.0,0
235504.0,0
235801.0,0
235901.0,0
237001.0,0
237002.0,0
237101.0,0
237201.0,0
237801.0,0
237802.0,0
238001.0,0
238101.0,0
238301.0,0
238302.0,0
238801.0,0
239301.0,0
239401.0,0
239402.0,0
239403.0,0
240001.0,0
240501.0,0
240801.0,0
241501.0,0
241801.0,0
242001.0,0
242201.0,0
242202.0,0
242503.0,0
242504.0,0
242506.0,0
243001.0,0
243401.0,0
243402.0,0
243701.0,0
244001.0,0
244801.0,0
244802.0,0
245001.0,0
245901.0,0
246501.0,0
246801.0,0
246901.0,0
246902.0,0
247301.0,0
248201.0,0
248202.0,0
248402.0,0
248501.0,0
248702.0,0
248703.0,0
249001.0,0
249302.0,0
249401.0,0
249402.0,0
250401.0,0
250701.0,0
251101.0,0
251701.0,0
252501.0,0
253301.0,0
253601.0,0
253802.0,0
254301.0,0
255601.0,0
256301.0,0
256701.0,0
256702.0,0
256801.0,0
256901.0,0
257001.0,0
257501.0,0
257701.0,0
257702.0,0
257901.0,0
258301.0,0
258701.0,0
258702.0,0
260001.0,0
260301.0,0
260302.0,0
260401.0,0
260801.0,0
261001.0,0
261101.0,0
261201.0,0
261301.0,0
261401.0,0
261501.0,0
262001.0,0
262101.0,0
262301.0,0
263001.0,0
263002.0,0
263201.0,0
263702.0,0
263703.0,0
263901.0,0
264401.0,0
265301.0,0
265601.0,0
266501.0,0
266701.0,0
266703.0,0
266704.0,0
266705.0,0
267301.0,0
267401.0,0
267402.0,0
268101.0,0
268601.0,0
269401.0,0
269402.0,0
269601.0,0
269901.0,0
271101.0,0
271501.0,0
271502.0,0
271602.0,0
271901.0,0
271902.0,0
271903.0,0
273501.0,0
274201.0,0
274901.0,0
275701.0,0
276101.0,0
276102.0,0
276601.0,0
276701.0,0
277101.0,0
277501.0,0
277601.0,0
277701.0,0
277901.0,0
279401.0,0
279403.0,0
279404.0,0
279405.0,0
279406.0,0
279407.0,0
280001.0,0
280301.0,0
280401.0,0
280801.0,0
280802.0,0
281501.0,0
281502.0,0
281503.0,0
281601.0,0
282701.0,0
282801.0,0
282901.0,0
283001.0,0
283301.0,0
283601.0,0
284101.0,0
284201.0,0
284501.0,0
284801.0,0
284802.0,0
284803.0,0
285001.0,0
285002.0,0
285003.0,0
285004.0,0
285101.0,0
286401.0,0
286801.0,0
286802.0,0
286804.0,0
288501.0,0
288601.0,0
288901.0,0
289501.0,0
289601.0,0
289801.0,0
289802.0,0
290401.0,0
290402.0,0
291101.0,0
291401.0,0
291501.0,0
291701.0,0
291801.0,0
292101.0,0
292201.0,0
292301.0,0
292401.0,0
293101.0,0
293102.0,0
293901.0,0
294601.0,0
294602.0,0
294603.0,0
294604.0,0
294701.0,0
295201.0,0
295701.0,0
296301.0,0
297301.0,0
297601.0,0
297602.0,0
297603.0,0
297604.0,0
297701.0,0
297702.0,0
297703.0,0
297801.0,0
298001.0,0
298101.0,0
298501.0,0
298701.0,0
299101.0,0
299701.0,0
299702.0,0
299703.0,0
299704.0,0
299901.0,0
300201.0,0
300701.0,0
300803.0,0
300804.0,0
300805.0,0
300806.0,0
301101.0,0
301601.0,0
301602.0,0
301603.0,0
302801.0,0
303101.0,0
303501.0,0
303701.0,0
303702.0,0
304901.0,0
305101.0,0
305201.0,0
305601.0,0
305801.0,0
305901.0,0
306901.0,0
307201.0,0
307401.0,0
307501.0,0
307701.0,0
307702.0,0
307801.0,0
307802.0,0
307803.0,0
307804.0,0
308601.0,0
308901.0,0
309401.0,0
309801.0,0
310101.0,0
310502.0,0
310601.0,0
310801.0,0
310901.0,0
311501.0,0
312202.0,0
312501.0,0
312701.0,0
312901.0,0
313501.0,0
313701.0,0
314101.0,0
314401.0,0
314801.0,0
314802.0,0
315101.0,0
315301.0,0
315302.0,0
315401.0,0
315501.0,0
316501.0,0
317001.0,0
317301.0,0
317801.0,0
318301.0,0
318701.0,0
319001.0,0
319002.0,0
319901.0,0
320201.0,0
320701.0,0
320801.0,0
321401.0,0
322601.0,0
322801.0,0
323101.0,0
323301.0,0
323401.0,0
324201.0,0
324401.0,0
324402.0,0
324403.0,0
324501.0,0
324502.0,0
324601.0,0
324901.0,0
324902.0,0
325001.0,0
325101.0,0
326101.0,0
326401.0,0
326501.0,0
326502.0,0
326503.0,0
326504.0,0
326601.0,0
326701.0,0
327701.0,0
328101.0,0
328501.0,0
328502.0,0
328801.0,0
329001.0,0
329002.0,0
329101.0,0
330201.0,0
330301.0,0
331601.0,0
332001.0,0
332002.0,0
332101.0,0
333301.0,0
333401.0,0
333501.0,0
334001.0,0
334102.0,0
334401.0,0
334502.0,0
334701.0,0
334702.0,0
335102.0,0
335401.0,0
335501.0,0
335801.0,0
336201.0,0
336202.0,0
336601.0,0
336801.0,0
336802.0,0
336804.0,0
336807.0,0
336901.0,0
337301.0,0
337401.0,0
337501.0,0
337601.0,0
337801.0,0
338501.0,0
339301.0,0
339801.0,0
339901.0,0
340701.0,0
340702.0,0
341101.0,0
341103.0,0
341104.0,0
341106.0,0
341107.0,0
341401.0,0
341601.0,0
342701.0,0
342901.0,0
343501.0,0
343601.0,0
344801.0,0
345101.0,0
346001.0,0
346301.0,0
347101.0,0
347201.0,0
347701.0,0
347702.0,0
347901.0,0
348101.0,0
348201.0,0
349301.0,0
349401.0,0
349402.0,0
349801.0,0
350001.0,0
350201.0,0
350301.0,0
350501.0,0
350701.0,0
350802.0,0
350902.0,0
351001.0,0
351301.0,0
351302.0,0
351303.0,0
351304.0,0
351601.0,0
351701.0,0
352201.0,0
352401.0,0
352601.0,0
352901.0,0
353801.0,0
354101.0,0
354401.0,0
354402.0,0
354501.0,0
354901.0,0
355101.0,0
355701.0,0
357101.0,0
357401.0,0
357501.0,0
358001.0,0
358101.0,0
358301.0,0
358701.0,0
358702.0,0
358703.0,0
358901.0,0
358903.0,0
358906.0,0
358907.0,0
359001.0,0
359301.0,0
360101.0,0
360102.0,0
360103.0,0
360104.0,0
360105.0,0
360106.0,0
360107.0,0
360301.0,0
360302.0,0
361101.0,0
361701.0,0
361702.0,0
361703.0,0
361801.0,0
361802.0,0
361804.0,0
362101.0,0
362102.0,0
362301.0,0
362701.0,1
363201.0,0
363501.0,1
363502.0,0
363701.0,0
363801.0,0
364301.0,1
364601.0,0
364602.0,1
364901.0,0
365101.0,1
365601.0,1
365602.0,0
365701.0,1
365703.0,1
365901.0,1
365902.0,1
365903.0,1
365904.0,1
365905.0,1
365906.0,1
365907.0,1
366101.0,1
366901.0,1
367001.0,1
367201.0,1
367301.0,1
367501.0,1
367502.0,1
367601.0,1
368301.0,1
368302.0,1
368401.0,1
368402.0,1
368501.0,1
368701.0,1
369401.0,1
369601.0,1
369701.0,1
370101.0,1
370102.0,1
370901.0,1
371202.0,1
371203.0,1
371204.0,1
371205.0,1
371701.0,1
371702.0,1
371801.0,1
372001.0,1
372002.0,1
372003.0,1
372101.0,1
372201.0,1
372301.0,1
372501.0,1
372701.0,1
373101.0,1
373801.0,1
374001.0,1
374601.0,1
374603.0,1
374604.0,1
376301.0,1
376401.0,1
376402.0,1
376601.0,1
376602.0,1
378001.0,1
378202.0,1
379101.0,1
379201.0,1
379401.0,1
380001.0,1
380201.0,1
380601.0,1
380801.0,1
380901.0,1
380902.0,1
381301.0,1
381901.0,1
382501.0,1
382701.0,1
382801.0,1
382901.0,1
382902.0,1
383301.0,1
383401.0,1
383701.0,1
384301.0,1
384401.0,1
384501.0,1
385501.0,1
385801.0,1
385802.0,1
385803.0,1
385901.0,1
386101.0,1
386301.0,1
386501.0,1
386901.0,1
387603.0,1
387701.0,1
388001.0,1
388101.0,1
388201.0,1
388401.0,1
388501.0,1
388901.0,1
388902.0,1
389101.0,1
389201.0,1
389202.0,1
389301.0,1
389303.0,1
390001.0,1
390101.0,1
390201.0,1
390501.0,1
390601.0,1
390602.0,1
390801.0,1
390802.0,1
391001.0,1
392001.0,1
392501.0,1
392502.0,1
392901.0,1
393401.0,1
393402.0,1
394301.0,1
394302.0,1
394701.0,1
395101.0,1
395301.0,1
395601.0,1
396901.0,1
397201.0,1
397501.0,1
397901.0,1
398201.0,1
398301.0,1
398901.0,1
398902.0,1
398904.0,1
399301.0,1
400401.0,1
400701.0,1
401101.0,1
401201.0,1
401202.0,1
401502.0,1
402401.0,1
402501.0,1
402801.0,1
402901.0,1
404101.0,1
404801.0,1
404802.0,1
405101.0,1
405401.0,1
405402.0,1
405403.0,1
405601.0,1
405701.0,1
405902.0,1
406701.0,1
407001.0,1
407003.0,1
407301.0,1
407302.0,1
407401.0,1
407701.0,1
408501.0,1
408603.0,1
408701.0,1
408801.0,1
409201.0,1
409401.0,1
409402.0,1
410501.0,1
411701.0,1
412101.0,1
412201.0,1
412601.0,1
413301.0,1
413302.0,1
413602.0,1
413801.0,1
413901.0,1
414601.0,1
414801.0,1
415301.0,1
415501.0,1
416201.0,1
416401.0,1
418001.0,1
418701.0,1
419001.0,1
419201.0,1
419301.0,1
419801.0,1
420101.0,1
420201.0,1
420202.0,1
420901.0,1
422401.0,1
422402.0,1
422601.0,1
422602.0,1
422801.0,1
423401.0,1
423402.0,1
423501.0,1
423602.0,1
424101.0,1
424702.0,1
424801.0,1
424802.0,1
425001.0,1
426302.0,1
426303.0,1
426501.0,1
426802.0,1
426901.0,1
427501.0,1
427901.0,1
428301.0,1
428402.0,1
428601.0,1
428602.0,1
428802.0,1
429001.0,1
429801.0,1
429901.0,1
430401.0,1
430701.0,1
430801.0,1
431401.0,1
432101.0,1
432201.0,1
432301.0,1
432302.0,1
432303.0,1
432304.0,1
432501.0,1
432801.0,1
433101.0,1
434101.0,1
434102.0,1
435301.0,1
435501.0,1
436301.0,1
437401.0,1
437701.0,1
437703.0,1
437801.0,1
438001.0,1
438101.0,1
438102.0,1
438401.0,1
438501.0,1
438503.0,1
439401.0,1
439801.0,1
440601.0,1
441701.0,1
441801.0,1
441902.0,1
442002.0,1
442301.0,1
442501.0,1
442502.0,1
443401.0,1
443902.0,1
444201.0,1
445401.0,1
445502.0,1
446801.0,1
447101.0,1
447801.0,1
448001.0,1
448101.0,1
448401.0,1
448801.0,1
448901.0,1
449501.0,1
449901.0,1
450301.0,1
450401.0,1
450701.0,1
451301.0,1
452001.0,1
452301.0,1
452302.0,1
452304.0,1
452305.0,1
452306.0,1
452501.0,1
452701.0,1
452801.0,1
453601.0,1
454101.0,1
454501.0,1
454801.0,1
455101.0,1
455102.0,1
455103.0,1
455401.0,1
455601.0,1
457801.0,1
458201.0,1
458202.0,1
458203.0,1
458204.0,1
458205.0,1
458206.0,1
458301.0,1
458302.0,1
458303.0,1
458401.0,1
458801.0,1
459801.0,1
459901.0,1
460001.0,1
460002.0,1
460101.0,1
461401.0,1
461402.0,1
461801.0,1
461901.0,1
462601.0,1
462901.0,1
463901.0,1
463902.0,1
463904.0,1
463906.0,1
464701.0,1
466001.0,1
466601.0,1
467001.0,1
467101.0,1
467102.0,1
467104.0,1
467401.0,1
467502.0,1
468101.0,1
468301.0,1
468302.0,1
468501.0,1
468701.0,1
468801.0,1
469201.0,1
469701.0,1
469801.0,1
470001.0,1
470101.0,1
470102.0,1
470201.0,1
470202.0,1
470301.0,1
470302.0,1
470502.0,1
470701.0,1
471501.0,1
471601.0,1
471801.0,1
472201.0,1
472401.0,1
472701.0,1
472702.0,1
472901.0,1
473101.0,1
473401.0,1
473501.0,1
473601.0,1
473701.0,1
474201.0,1
474501.0,1
474701.0,1
474702.0,1
474901.0,1
475101.0,1
476001.0,1
476101.0,1
476102.0,1
476103.0,1
476601.0,1
476801.0,1
476802.0,1
477101.0,1
477601.0,1
477603.0,1
477901.0,1
478101.0,1
478901.0,1
479901.0,1
479903.0,1
480001.0,1
480201.0,1
480601.0,1
480901.0,1
481101.0,1
481201.0,1
482001.0,1
482002.0,1
482101.0,1
482401.0,1
482501.0,1
482601.0,1
483301.0,1
483401.0,1
483501.0,1
483901.0,1
484301.0,1
484901.0,1
485201.0,1
485501.0,1
485801.0,1
485901.0,1
486001.0,1
486101.0,1
486501.0,1
487201.0,1
487701.0,1
489401.0,1
490601.0,1
490701.0,1
491401.0,1
492101.0,1
492201.0,1
492601.0,1
492801.0,1
493101.0,1
493502.0,1
493503.0,1
493601.0,1
494701.0,1
494801.0,1
494901.0,1
494902.0,1
495501.0,1
495701.0,1
496601.0,1
496602.0,1
496901.0,1
496902.0,1
498201.0,1
498401.0,1
498601.0,1
498801.0,1
499301.0,1
500101.0,1
500201.0,1
501101.0,1
502401.0,1
502403.0,1
502404.0,1
502405.0,1
502601.0,1
502901.0,1
502902.0,1
503001.0,1
503101.0,1
503102.0,1
503301.0,1
503701.0,1
503802.0,1
504101.0,1
504301.0,1
504302.0,1
504303.0,1
504501.0,1
504601.0,1
504701.0,1
504901.0,1
505401.0,1
505501.0,1
505601.0,1
505602.0,1
506601.0,1
507701.0,1
507901.0,1
508101.0,1
508201.0,1
508601.0,1
508602.0,1
509401.0,1
509402.0,1
509601.0,1
509602.0,1
509801.0,1
509803.0,1
510001.0,1
510101.0,1
510201.0,1
510701.0,1
511001.0,1
511301.0,1
511401.0,1
512301.0,1
513401.0,1
513501.0,1
514101.0,1
514301.0,1
514701.0,1
514901.0,1
514902.0,1
515001.0,1
515301.0,1
515501.0,1
515902.0,1
516901.0,1
517201.0,1
517801.0,1
518301.0,1
519101.0,1
519501.0,1
520001.0,1
520301.0,1
520302.0,1
521201.0,1
521501.0,1
521901.0,1
522201.0,1
522801.0,1
523101.0,1
523202.0,1
523301.0,1
523701.0,1
524101.0,1
524102.0,1
524501.0,1
525901.0,1
526301.0,1
526701.0,1
526702.0,1
526703.0,1
528301.0,1
528401.0,1
528501.0,1
528901.0,1
529301.0,1
529302.0,1
529401.0,1
529601.0,1
530201.0,1
530601.0,1
530602.0,1
530801.0,1
530802.0,1
530803.0,1
531101.0,1
531701.0,1
531702.0,1
531801.0,1
531802.0,1
532101.0,1
532801.0,1
532901.0,1
532902.0,1
532903.0,1
532906.0,1
532907.0,1
533201.0,1
533501.0,1
533502.0,1
533503.0,1
533504.0,1
533601.0,1
533901.0,1
533902.0,1
533903.0,1
534201.0,1
534901.0,1
535701.0,1
535702.0,1
535703.0,1
535704.0,1
535801.0,1
536901.0,1
536902.0,1
536903.0,1
537101.0,1
537102.0,1
537103.0,1
537104.0,1
537601.0,1
537602.0,1
537701.0,1
538101.0,1
538202.0,1
538601.0,1
539101.0,1
539301.0,1
539801.0,1
539901.0,1
540501.0,1
540901.0,1
541901.0,1
542601.0,1
542801.0,1
542901.0,1
543201.0,1
543901.0,1
544201.0,1
544401.0,1
544801.0,1
545601.0,1
546001.0,1
546101.0,1
546401.0,1
547301.0,1
548101.0,1
548201.0,1
549301.0,1
549501.0,1
549801.0,1
549802.0,1
550201.0,1
550301.0,1
551301.0,1
551302.0,1
551303.0,1
551601.0,1
551801.0,1
553201.0,1
553301.0,1
553401.0,1
554201.0,1
554701.0,1
554801.0,1
554901.0,1
555301.0,1
555302.0,1
556202.0,1
556401.0,1
556501.0,1
556701.0,1
557001.0,1
557601.0,1
557703.0,1
557705.0,1
558401.0,1
558402.0,1
558801.0,1
558802.0,1
558803.0,1
558805.0,1
559001.0,1
559701.0,1
560001.0,1
560401.0,1
560501.0,1
560701.0,1
561201.0,1
561701.0,1
562001.0,1
562002.0,1
562101.0,1
563001.0,1
563201.0,1
563301.0,1
563401.0,1
563501.0,1
563601.0,1
563801.0,1
564101.0,1
565401.0,1
565601.0,1
565701.0,1
565801.0,1
566001.0,1
566401.0,1
566402.0,1
566501.0,1
566801.0,1
566901.0,1
567001.0,1
567201.0,1
567501.0,1
567601.0,1
567801.0,1
567802.0,1
568301.0,1
569101.0,1
569401.0,1
569901.0,1
570301.0,1
571502.0,1
572001.0,1
573101.0,1
573102.0,1
573402.0,1
574101.0,1
574301.0,1
574501.0,1
574901.0,1
575201.0,1
575301.0,1
575401.0,1
575901.0,1
576001.0,1
576201.0,1
576601.0,1
577001.0,1
577401.0,1
577501.0,1
578203.0,1
578204.0,1
578701.0,1
578702.0,1
578703.0,1
578901.0,1
578902.0,1
579701.0,1
580301.0,1
580501.0,1
580701.0,1
581502.0,1
581503.0,1
583001.0,1
583301.0,1
583801.0,1
584101.0,1
584102.0,1
585001.0,1
585102.0,1
585301.0,1
586201.0,1
586401.0,1
586501.0,1
586601.0,1
587001.0,1
587201.0,1
587301.0,1
587302.0,1
587303.0,1
588101.0,1
588301.0,1
588401.0,1
589201.0,1
589301.0,1
589302.0,1
589501.0,1
589601.0,1
589901.0,1
590401.0,1
590402.0,1
591001.0,1
591102.0,1
591103.0,1
591104.0,1
591106.0,1
591401.0,1
591801.0,1
592601.0,1
592901.0,1
593201.0,1
593501.0,1
593601.0,1
593602.0,1
593603.0,1
593604.0,1
593605.0,1
593701.0,1
594001.0,1
594201.0,1
594202.0,1
594301.0,1
594801.0,1
595801.0,1
596101.0,1
596102.0,1
596201.0,1
596601.0,1
597802.0,1
597901.0,1
598201.0,1
599601.0,1
599701.0,1
599702.0,1
600201.0,1
600501.0,1
600502.0,1
600503.0,1
600504.0,1
600505.0,1
600902.0,1
601201.0,1
601301.0,1
601801.0,1
602101.0,1
602301.0,1
603701.0,1
604401.0,1
604402.0,1
604601.0,1
605001.0,1
605101.0,1
605301.0,1
605601.0,1
605701.0,1
606301.0,1
607201.0,1
607401.0,1
607402.0,1
607403.0,1
607901.0,1
608102.0,1
608103.0,1
608104.0,1
608301.0,1
608901.0,1
609701.0,1
610401.0,1
611301.0,1
611401.0,1
611901.0,1
611903.0,1
612501.0,1
612901.0,1
614001.0,1
614201.0,1
614401.0,1
615102.0,1
615401.0,1
615901.0,1
616002.0,1
616101.0,1
616501.0,1
617701.0,1
618301.0,1
618701.0,1
618801.0,1
619001.0,1
619302.0,1
619303.0,1
619304.0,1
619501.0,1
619701.0,1
619801.0,1
620301.0,1
620902.0,1
621201.0,1
621701.0,1
621702.0,1
622101.0,1
622601.0,1
623101.0,1
623102.0,1
623103.0,1
623301.0,1
623302.0,1
623303.0,1
623501.0,1
624201.0,1
624401.0,1
624402.0,1
624701.0,1
625501.0,1
625701.0,1
625702.0,1
625703.0,1
625801.0,1
625901.0,1
626002.0,1
626101.0,1
626102.0,1
626701.0,1
626702.0,1
626704.0,1
626705.0,1
626706.0,1
626901.0,1
626902.0,1
626903.0,1
627201.0,1
627202.0,1
627501.0,1
627801.0,1
627802.0,1
628401.0,1
628601.0,1
628602.0,1
628801.0,1
628802.0,1
628803.0,1
629101.0,1
629401.0,1
629501.0,1
629502.0,1
629801.0,1
630301.0,1
631001.0,1
631101.0,1
631202.0,1
631401.0,1
633201.0,1
633202.0,1
633203.0,1
633204.0,1
633206.0,1
633208.0,1
633301.0,1
633601.0,1
633701.0,1
634201.0,1
634202.0,1
634501.0,1
634502.0,1
635201.0,1
635202.0,1
635801.0,1
635802.0,1
635901.0,1
636201.0,1
636401.0,1
637501.0,1
637701.0,1
637901.0,1
638601.0,1
638701.0,1
638901.0,1
639102.0,1
639201.0,1
639301.0,1
639501.0,1
640101.0,1
640102.0,1
640301.0,1
641001.0,1
641002.0,1
642301.0,1
642501.0,1
642701.0,1
642901.0,1
643501.0,1
643801.0,1
644001.0,1
644101.0,1
644501.0,1
646001.0,1
646601.0,1
646901.0,1
647401.0,1
647601.0,1
647901.0,1
648301.0,1
648401.0,1
649101.0,1
649102.0,1
649103.0,1
649501.0,1
649602.0,1
649701.0,1
649801.0,1
649903.0,1
649904.0,1
649905.0,1
649906.0,1
649907.0,1
649908.0,1
650402.0,1
650601.0,1
650602.0,1
650701.0,1
651501.0,1
651602.0,1
651901.0,1
652101.0,1
652401.0,1
652801.0,1
653201.0,1
653302.0,1
653401.0,1
653601.0,1
653701.0,1
653801.0,1
654201.0,1
654301.0,1
655101.0,1
655401.0,1
655501.0,1
655901.0,1
655902.0,1
656401.0,1
656402.0,1
657101.0,1
657501.0,1
657601.0,1
657702.0,1
657703.0,1
657901.0,1
658401.0,1
658601.0,1
658701.0,1
658901.0,1
659601.0,1
660001.0,1
660501.0,1
660502.0,1
661001.0,1
661202.0,1
661204.0,1
661206.0,1
661501.0,1
661702.0,1
661703.0,1
661901.0,1
662701.0,1
662901.0,1
663201.0,1
663601.0,1
664001.0,1
664401.0,1
664801.0,1
665101.0,1
665301.0,1
666101.0,1
666601.0,1
667801.0,1
668201.0,1
668202.0,1
668501.0,1
668701.0,1
668801.0,1
668901.0,1
668902.0,1
669001.0,1
669501.0,1
670001.0,1
670002.0,1
670101.0,1
670401.0,1
670501.0,1
671201.0,1
671401.0,1
671501.0,1
671601.0,1
671701.0,1
672301.0,1
672801.0,1
673201.0,1
673301.0,1
673501.0,1
673802.0,1
674001.0,1
674301.0,1
675201.0,1
675202.0,1
675203.0,1
675501.0,1
675901.0,1
676701.0,1
676801.0,1
676901.0,1
677001.0,1
677002.0,1
677003.0,1
677101.0,1
677201.0,1
677701.0,1
678301.0,1
678501.0,1
679001.0,1
679301.0,1
679302.0,1
679701.0,1
680301.0,1
680401.0,1
680701.0,1
680901.0,1
681201.0,1
681501.0,1
681901.0,1
681902.0,1
682801.0,1
683001.0,1
683501.0,1
683601.0,1
683801.0,1
683802.0,1
683803.0,1
684201.0,1
684501.0,1
684901.0,1
685202.0,1
685501.0,1
685601.0,1
686001.0,1
687001.0,1
687201.0,1
687401.0,1
687501.0,1
687502.0,1
687503.0,1
687601.0,1
687602.0,1
687603.0,1
687701.0,1
687801.0,1
688101.0,1
688401.0,1
688601.0,1
688804.0,1
689001.0,1
690401.0,1
690402.0,1
690403.0,1
690901.0,1
691401.0,1
691601.0,1
692201.0,1
692301.0,1
693301.0,1
693601.0,1
693603.0,1
694101.0,1
694201.0,1
694801.0,1
695201.0,1
695301.0,1
695501.0,1
695801.0,1
695901.0,1
695902.0,1
695903.0,1
696101.0,1
696901.0,1
697401.0,1
698301.0,1
698601.0,1
698602.0,1
698603.0,1
698604.0,1
698605.0,1
698606.0,1
698607.0,1
698608.0,1
698901.0,1
700001.0,1
700301.0,1
700901.0,1
701201.0,1
703001.0,1
703501.0,1
704602.0,1
704603.0,1
705401.0,1
705402.0,1
706301.0,1
706302.0,1
706401.0,1
706601.0,1
706602.0,1
706702.0,1
707001.0,1
707501.0,1
707601.0,1
708101.0,1
708102.0,1
710001.0,1
710002.0,1
710101.0,1
710102.0,1
710201.0,1
710301.0,1
710302.0,1
710801.0,1
711201.0,1
711501.0,1
712201.0,1
712401.0,1
712402.0,1
712901.0,1
713002.0,1
713004.0,1
713006.0,1
713007.0,1
713101.0,1
713501.0,1
713502.0,1
713503.0,1
713504.0,1
713601.0,1
713801.0,1
713901.0,1
714101.0,1
714501.0,1
715001.0,1
715002.0,1
715401.0,1
715801.0,1
716301.0,1
716302.0,1
716303.0,1
716901.0,1
717201.0,1
717202.0,1
717401.0,1
717801.0,1
718501.0,1
719501.0,1
719601.0,1
720401.0,1
720901.0,1
720902.0,1
721101.0,1
721201.0,1
721301.0,1
722001.0,1
722201.0,1
722301.0,1
722801.0,1
723101.0,1
723901.0,1
724101.0,1
724102.0,1
724301.0,1
724302.0,1
724303.0,1
724304.0,1
724305.0,1
724401.0,1
724501.0,1
724801.0,1
724802.0,1
725101.0,1
725401.0,1
726201.0,1
726401.0,1
726601.0,1
726602.0,1
726603.0,1
726901.0,1
726902.0,1
727501.0,1
728101.0,1
728201.0,1
728601.0,1
728701.0,1
729101.0,1
729301.0,1
729401.0,1
729501.0,1
729502.0,1
729901.0,1
730801.0,1
731201.0,1
731501.0,1
731601.0,1
731701.0,1
731902.0,1
731903.0,1
732501.0,1
732901.0,1
732902.0,1
732903.0,1
733301.0,1
734501.0,1
734801.0,1
734802.0,1
734803.0,1
734901.0,1
735201.0,1
735402.0,1
735404.0,1
735405.0,1
735406.0,1
735501.0,1
735701.0,1
736201.0,1
737301.0,1
737302.0,1
737501.0,1
737801.0,1
738001.0,1
738002.0,1
738003.0,1
738004.0,1
738101.0,1
738201.0,1
738301.0,1
738302.0,1
738401.0,1
738601.0,1
738901.0,1
739701.0,1
740001.0,1
740401.0,1
740701.0,1
740902.0,1
741201.0,1
741301.0,1
741302.0,1
741401.0,1
741501.0,1
741701.0,1
742101.0,1
742102.0,1
742301.0,1
742302.0,1
742401.0,1
742601.0,1
742603.0,1
743401.0,1
743901.0,1
743902.0,1
744101.0,1
744301.0,1
745101.0,1
745401.0,1
746501.0,1
746601.0,1
746701.0,1
747001.0,1
747102.0,1
747301.0,1
747302.0,1
747401.0,1
747601.0,1
748201.0,1
749101.0,1
749301.0,1
749701.0,1
751601.0,1
751901.0,1
752601.0,1
752801.0,1
752803.0,1
752804.0,1
753001.0,1
753002.0,1
753004.0,1
753201.0,1
753701.0,1
753901.0,1
753902.0,1
754001.0,1
754101.0,1
754103.0,1
754701.0,1
754801.0,1
755101.0,1
755601.0,1
755604.0,1
755702.0,1
755703.0,1
755801.0,1
755802.0,1
756401.0,1
756601.0,1
757001.0,1
757002.0,1
757101.0,1
757501.0,1
758101.0,1
758201.0,1
758202.0,1
758203.0,1
758204.0,1
758205.0,1
758701.0,1
758901.0,1
759101.0,1
759301.0,1
759701.0,1
759703.0,1
759704.0,1
759706.0,1
759707.0,1
760001.0,1
760201.0,1
760301.0,1
760701.0,1
761001.0,1
761002.0,1
761101.0,1
761102.0,1
761201.0,1
761202.0,1
761301.0,1
761901.0,1
762902.0,1
762903.0,1
763601.0,1
763701.0,1
763703.0,1
763801.0,1
764501.0,1
764801.0,1
765101.0,1
765301.0,1
765401.0,1
765501.0,1
765701.0,1
765901.0,1
766301.0,1
766401.0,1
767201.0,0
767401.0,1
768101.0,1
768501.0,1
768601.0,1
769501.0,1
770101.0,1
770401.0,1
770601.0,1
771801.0,1
772201.0,1
772501.0,1
772601.0,1
773301.0,1
773401.0,1
773701.0,1
774002.0,1
774501.0,1
775001.0,1
775601.0,1
775801.0,1
775901.0,1
776201.0,1
776501.0,1
776502.0,1
776503.0,1
776601.0,1
777201.0,1
777901.0,1
779202.0,1
779203.0,1
779204.0,0
779205.0,1
779401.0,1
779502.0,1
779601.0,1
779802.0,1
779901.0,1
781101.0,1
781401.0,1
781701.0,1
781901.0,1
782301.0,1
782501.0,0
782502.0,1
782601.0,1
782701.0,1
783601.0,0
783801.0,0
784401.0,0
784601.0,0
784602.0,0
785501.0,0
785701.0,0
786201.0,0
786701.0,0
786901.0,0
787401.0,0
787402.0,0
787601.0,0
788002.0,0
788701.0,0
789301.0,0
789302.0,0
789304.0,0
789601.0,0
789801.0,0
790001.0,0
790601.0,0
790901.0,0
791101.0,0
791501.0,0
791503.0,0
792101.0,0
792102.0,0
792301.0,0
792501.0,0
792701.0,0
792702.0,0
793101.0,0
793201.0,0
793301.0,0
793401.0,0
793801.0,0
794201.0,0
795101.0,0
795901.0,0
796301.0,0
796302.0,0
796401.0,0
796501.0,0
796601.0,0
796901.0,0
797101.0,0
797102.0,0
797701.0,0
797801.0,0
797802.0,0
797901.0,0
798001.0,0
799101.0,0
799102.0,0
799103.0,0
799701.0,0
799801.0,0
799802.0,0
799803.0,0
799804.0,0
800101.0,0
800201.0,0
800801.0,0
800901.0,0
801101.0,0
801301.0,0
801701.0,0
802201.0,0
802801.0,0
803301.0,0
803902.0,0
804101.0,0
804401.0,0
804501.0,0
804701.0,0
804801.0,0
805101.0,0
805102.0,0
806102.0,0
806201.0,0
806501.0,0
807001.0,0
807301.0,0
808001.0,0
809001.0,0
809501.0,0
809901.0,0
810001.0,0
810101.0,0
810401.0,0
810901.0,0
811001.0,0
811101.0,0
811301.0,0
811302.0,0
811304.0,0
811401.0,0
812501.0,0
812502.0,0
812601.0,0
812701.0,0
813201.0,0
813401.0,0
814201.0,0
814501.0,0
814601.0,0
815501.0,0
816001.0,0
816301.0,0
816901.0,0
817201.0,0
817401.0,0
817901.0,0
818001.0,0
818101.0,0
818103.0,0
818301.0,0
818701.0,0
818801.0,0
819301.0,0
819601.0,0
819602.0,0
820601.0,0
821501.0,0
822301.0,0
823001.0,0
823401.0,0
824001.0,0
824101.0,0
824501.0,0
824502.0,0
824601.0,0
825001.0,0
825301.0,0
825601.0,0
825801.0,0
826301.0,0
827401.0,0
828301.0,0
828401.0,0
828402.0,0
828601.0,0
829001.0,0
829601.0,0
829901.0,0
830401.0,0
830402.0,0
830403.0,0
830501.0,0
830502.0,0
830503.0,0
830801.0,0
832501.0,0
832502.0,0
832701.0,0
833101.0,0
833701.0,0
834002.0,0
834003.0,0
834701.0,0
835001.0,0
835101.0,0
835201.0,0
835301.0,0
835501.0,0
835702.0,0
835801.0,0
835901.0,0
836101.0,0
836103.0,0
836104.0,0
836105.0,0
836401.0,0
837001.0,0
837002.0,0
837201.0,0
838501.0,0
838502.0,0
838503.0,0
838901.0,0
839101.0,0
839601.0,0
839901.0,0
840001.0,0
840002.0,0
840003.0,0
840201.0,0
840202.0,0
840203.0,0
840802.0,0
841201.0,0
841301.0,0
841501.0,0
842201.0,0
842401.0,0
842501.0,0
842502.0,0
842601.0,0
842602.0,0
842801.0,0
843401.0,0
843601.0,0
843901.0,0
844001.0,0
844002.0,0
844003.0,0
844302.0,0
844502.0,0
844503.0,0
844601.0,0
845001.0,0
845002.0,0
845003.0,0
845301.0,0
845501.0,0
846101.0,0
846401.0,0
846402.0,0
847301.0,0
847302.0,0
847801.0,0
847802.0,0
848401.0,0
848501.0,0
848801.0,0
849601.0,0
849701.0,0
849801.0,0
849901.0,0
850101.0,0
850501.0,0
851001.0,0
851002.0,0
851301.0,0
851501.0,0
851702.0,0
851901.0,0
852001.0,0
852501.0,0
852502.0,0
852601.0,0
852602.0,0
852701.0,0
852901.0,0
853101.0,0
853201.0,0
853301.0,0
853402.0,0
853404.0,0
854301.0,0
854303.0,0
854304.0,0
854305.0,0
854306.0,0
854308.0,0
854601.0,0
854701.0,0
855001.0,0
855301.0,0
855501.0,0
855502.0,0
855503.0,0
855801.0,0
856201.0,0
856301.0,0
856401.0,0
856502.0,0
856503.0,0
856701.0,0
856702.0,0
856703.0,0
856802.0,0
857501.0,0
857801.0,0
857901.0,0
858201.0,0
858301.0,0
858302.0,0
859001.0,0
859301.0,0
860001.0,0
860801.0,0
862201.0,0
862501.0,0
862701.0,0
863201.0,0
863202.0,0
864701.0,0
864801.0,0
864802.0,0
864803.0,0
864901.0,0
865501.0,0
866001.0,0
866201.0,0
866501.0,0
867601.0,0
867702.0,0
867703.0,0
867901.0,0
868201.0,0
868601.0,0
868901.0,0
869001.0,0
869002.0,0
869201.0,0
869202.0,0
869203.0,0
869701.0,0
869801.0,0
869901.0,0
870201.0,0
870601.0,0
870701.0,0
871101.0,0
871302.0,0
871501.0,0
872401.0,0
872501.0,0
872601.0,0
873001.0,0
873101.0,0
873801.0,0
873901.0,0
874001.0,0
874201.0,0
874501.0,0
874601.0,0
874801.0,0
875601.0,0
875801.0,0
875802.0,0
876101.0,0
876301.0,0
876302.0,0
876303.0,0
876501.0,0
876701.0,0
876702.0,0
876801.0,0
876802.0,0
877701.0,0
877801.0,0
877802.0,0
878401.0,0
878801.0,0
879201.0,0
879303.0,0
879501.0,0
880003.0,0
880004.0,0
880005.0,0
880301.0,0
880403.0,0
880404.0,0
880405.0,0
881401.0,0
882901.0,0
883201.0,0
883701.0,0
883901.0,0
883902.0,0
884602.0,0
884701.0,0
885101.0,0
885501.0,0
885701.0,0
886601.0,0
887002.0,0
887301.0,0
887303.0,0
887501.0,0
887503.0,0
887702.0,0
887901.0,0
888201.0,0
888801.0,0
889301.0,0
889302.0,0
889502.0,0
889801.0,0
890801.0,0
890901.0,0
891101.0,0
891201.0,0
891301.0,0
891302.0,0
891303.0,0
891501.0,0
891601.0,0
891701.0,0
892101.0,0
892401.0,0
892501.0,0
892502.0,0
892503.0,0
892504.0,0
892505.0,0
892701.0,0
892901.0,0
893101.0,0
893301.0,0
893401.0,0
893501.0,0
893601.0,0
894301.0,0
894601.0,0
894901.0,0
895201.0,0
895301.0,0
895701.0,0
895801.0,0
896001.0,0
896002.0,0
896201.0,0
896501.0,0
897401.0,0
897901.0,0
898001.0,0
898002.0,0
898003.0,0
898004.0,0
898006.0,0
898007.0,0
899001.0,0
899101.0,0
899401.0,0
899402.0,0
900001.0,0
900201.0,0
900501.0,0
901602.0,0
901603.0,0
901604.0,0
901701.0,0
902201.0,0
902202.0,0
902502.0,0
902701.0,0
903301.0,0
904001.0,0
904401.0,0
904501.0,0
904701.0,0
905001.0,0
905101.0,0
905302.0,0
905401.0,0
905501.0,0
905601.0,0
906201.0,0
906301.0,0
906701.0,0
906702.0,0
907002.0,0
908201.0,0
908301.0,0
908302.0,0
908602.0,0
908701.0,0
908801.0,0
909101.0,0
909201.0,0
909301.0,0
909601.0,0
910001.0,0
910201.0,0
910501.0,0
911301.0,0
911701.0,0
912101.0,0
912301.0,0
913301.0,0
913501.0,0
914301.0,0
914302.0,0
914303.0,0
914602.0,0
914603.0,0
915301.0,0
915401.0,0
915502.0,0
915503.0,0
915504.0,0
916201.0,0
916202.0,0
916203.0,0
916601.0,0
917101.0,0
917701.0,0
918702.0,0
919101.0,0
919801.0,0
920001.0,0
920401.0,0
920601.0,0
920602.0,0
920701.0,0
921001.0,0
921201.0,0
921202.0,0
921401.0,0
921501.0,0
921601.0,0
923201.0,0
923601.0,0
923801.0,0
923803.0,0
923804.0,0
923806.0,0
923807.0,0
924001.0,0
924301.0,0
924501.0,0
924901.0,0
925501.0,0
925801.0,0
926201.0,0
926301.0,0
926501.0,0
926601.0,0
926602.0,0
927701.0,0
